<?xml version="1.0" encoding="UTF-8"?>
<beans xmlns="http://www.springframework.org/schema/beans"
	xmlns:xsi="http://www.w3.org/2001/XMLSchema-instance" xmlns:context="http://www.springframework.org/schema/context"
	xsi:schemaLocation="http://www.springframework.org/schema/beans http://www.springframework.org/schema/beans/spring-beans.xsd
      http://www.springframework.org/schema/context http://www.springframework.org/schema/context/spring-context-4.3.xsd">


	<!-- Root Context: defines shared resources visible to all other web components -->

	<bean id="dataSource"
		class="org.springframework.jdbc.datasource.DriverManagerDataSource">
		<property name="driverClassName" value="net.sf.log4jdbc.sql.jdbcapi.DriverSpy"></property>
		<property name="url"
			value="jdbc:log4jdbc:mysql://192.168.0.34:3306/bit88?useSSL=false&amp;serverTimezone=Asia/Seoul"></property>
		<property name="username" value="makemoney"></property>
		<property name="password" value="makemoney"></property>
	</bean>
	<bean id="sqlSessionFactory" class="org.mybatis.spring.SqlSessionFactoryBean">
		<property name="dataSource" ref="dataSource" />
		<property name="configLocation" value="classpath:/mybatis-config.xml"></property>
		<property name="mapperLocations" value="classpath:mappers/**/*Mapper.xml"></property>
	</bean>

	<bean id="sqlSession" class="org.mybatis.spring.SqlSessionTemplate">
		<constructor-arg name="sqlSessionFactory" ref="sqlSessionFactory"></constructor-arg>
	</bean>

	<context:component-scan base-package="org.zerock.service"></context:component-scan>
	<context:component-scan base-package="org.zerock.persistence"></context:component-scan>
</beans>